Country Name,Country Code,Indicator Name,Indicator Code,2000,2001,2002,2003,2004,2005,2006,2007,2008,2009,2010,2011,2012,2013,2014
Aruba,ABW,CO2 emissions (metric tons per capita),EN.ATM.CO2E.PC,26.1948752380219,25.9340244138733,25.6711617820448,26.4204520857169,26.5172934158421,27.200707780588,26.9482604728658,27.8955739972338,26.2308466448946,25.9158329472761,24.6705288731078,24.5058352032767,13.1555416906324,8.35129425218293,8.408362637892
Afghanistan,AFG,CO2 emissions (metric tons per capita),EN.ATM.CO2E.PC,0.0385063399794444,0.0390023343469998,0.0487155482755786,0.0518295999397525,0.0393778277264556,0.0529482148912851,0.0637284718722302,0.0854175063621491,0.154101422395248,0.241722682109421,0.293836993688923,0.412016938260872,0.350370580694022,0.315601773217989,0.299444990875517
Angola,AGO,CO2 emissions (metric tons per capita),EN.ATM.CO2E.PC,0.580352661444089,0.573047492749628,0.720768849363576,0.49797507263628,0.99616547816155,0.979740025619175,1.09888389819981,1.19784398157759,1.18152675944487,1.23249451530002,1.24340558491456,1.2527892548547,1.33084301775372,1.25461721786853,1.29132831504477
Albania,ALB,CO2 emissions (metric tons per capita),EN.ATM.CO2E.PC,0.978174680894664,1.05330417594038,1.22954070946998,1.4126971959616,1.37621273504355,1.41249821101668,1.30257636722163,1.32233485532238,1.48431113888781,1.49560019934969,1.57857358391855,1.80371472482914,1.692908325435,1.74921107861166,1.97876331208568
Andorra,AND,CO2 emissions (metric tons per capita),EN.ATM.CO2E.PC,8.01928429423459,7.78695000074249,7.59061514082999,7.31576070618458,7.35862494097896,7.29987193629782,6.74621871565977,6.51946591197707,6.42788662191006,6.12165234069759,6.12259470212791,5.86712994471708,5.91659691135616,5.90075258701787,5.83216995064565
Arab World,ARB,CO2 emissions (metric tons per capita),EN.ATM.CO2E.PC,3.68444127176971,3.59030296450523,3.58803558092715,3.77988901128049,4.05146516877077,4.16848625623531,4.26823986615523,4.10022627300118,4.39040143437389,4.54215145137159,4.61575820147529,4.53775523602928,4.81363072670862,4.65047416848542,4.86023383242015
United Arab Emirates,ARE,CO2 emissions (metric tons per capita),EN.ATM.CO2E.PC,35.6782592296172,30.4911534224565,24.1512489051195,28.5525530661701,27.7012080194113,25.3623726461177,23.6310894324949,22.4398012133221,22.8239471921498,21.9085560836759,19.4436902679391,19.0764887762721,19.8176842234884,18.9541637858011,23.3020225078816
Argentina,ARG,CO2 emissions (metric tons per capita),EN.ATM.CO2E.PC,3.83557366545331,3.56859986610094,3.2915477348924,3.52558427010785,4.06905837986386,4.14123681380597,4.43482145227027,4.38266888371704,4.68291239530182,4.41088989357125,4.55849961171786,4.60029069868628,4.56938367601348,4.46290375453177,4.74679745467325
Armenia,ARM,CO2 emissions (metric tons per capita),EN.ATM.CO2E.PC,1.12891860406022,1.16116768366138,1.00320149299729,1.13613830710125,1.21475152402243,1.46003047705684,1.48117796180497,1.72657017117982,1.91153764158145,1.5094118779305,1.46562189488728,1.71007076482979,1.97606007379797,1.89971173409172,1.9027589101995
Antigua and Barbuda,ATG,CO2 emissions (metric tons per capita),EN.ATM.CO2E.PC,4.1239710949464,4.09566525976698,4.29331370412445,4.62087452602156,4.77814790894773,4.80699808409801,4.91364436717201,5.13647257088454,5.1945003135881,5.44675735459121,5.53956750932274,5.36340747396024,5.41844653171725,5.36045346745175,5.37764854614412
Australia,AUS,CO2 emissions (metric tons per capita),EN.ATM.CO2E.PC,17.2006098261369,16.7333674341936,17.3704517744283,16.9019589452838,17.0265153472381,17.1697114460549,17.6513983061083,17.8652600395629,18.1608756564953,18.2001819589981,17.7408450531619,17.5388777559057,17.0729046803908,16.0958331735351,15.3887660194467
Austria,AUT,CO2 emissions (metric tons per capita),EN.ATM.CO2E.PC,7.77425973898237,8.19276989783884,8.29911579584004,8.8895623340885,8.85836370342216,9.02016959759373,8.72729787156076,8.4064189359829,8.29509597793474,7.51875110192905,8.07113180231399,7.74813430456944,7.38707716295308,7.36874814486104,6.86986792967669
Azerbaijan,AZE,CO2 emissions (metric tons per capita),EN.ATM.CO2E.PC,3.66627102850185,3.54710548377552,3.62394434620868,3.71816992749663,3.86322963943899,4.09180192686952,4.6162998626916,3.55534009998485,4.05138348129721,3.56566821757272,3.38822587905988,3.64617987716669,3.82487717012357,3.78506883600917,3.93156060898919
Burundi,BDI,CO2 emissions (metric tons per capita),EN.ATM.CO2E.PC,0.0423950108003711,0.0313235747912278,0.0315484422098179,0.0232051456664087,0.0275696973080638,0.0207474072476499,0.0243659627758413,0.0235550450886968,0.0232194191516493,0.0224623988297369,0.0242600317328871,0.0267619600712467,0.030296972759882,0.0301757695111324,0.0444853762564713
Belgium,BEL,CO2 emissions (metric tons per capita),EN.ATM.CO2E.PC,11.2296676990611,11.1337155145009,10.3854951012723,10.882114174905,10.6612902219787,10.3553929874524,10.1510389973111,9.74477719114976,9.75198480892529,9.24961568538969,10.1714652153634,9.05433001058862,8.56287874995543,8.68954309131301,8.32815989783976
Benin,BEN,CO2 emissions (metric tons per capita),EN.ATM.CO2E.PC,0.232860968567938,0.256497595712598,0.285000234394469,0.313037269190904,0.323642155539533,0.299985405071894,0.471267008855899,0.531738986806416,0.507237393117284,0.5210631853076,0.553283259010318,0.559693353692425,0.562347006319148,0.580960914297046,0.61421385181193
Burkina Faso,BFA,CO2 emissions (metric tons per capita),EN.ATM.CO2E.PC,0.0897168507561461,0.0835042685025443,0.0817334927723682,0.0851940172684745,0.0847059710132382,0.0838753443059232,0.098375846950256,0.115526282202363,0.130556621682392,0.127633337580053,0.125717252121518,0.137496219353131,0.158663009401362,0.179132409048047,0.162018806234081
Bangladesh,BGD,CO2 emissions (metric tons per capita),EN.ATM.CO2E.PC,0.211802224728946,0.242020015933527,0.246756218254776,0.256602160448556,0.266823041487914,0.27524659383323,0.299529172870806,0.301630725970214,0.332727819357918,0.357158767009139,0.393936699015154,0.41201118567064,0.433487963070874,0.442400827683764,0.459141964802809
Bulgaria,BGR,CO2 emissions (metric tons per capita),EN.ATM.CO2E.PC,5.32803434248386,5.80006647403679,5.69526694679362,6.08437008501379,6.06489180832618,6.25628204411767,6.44533327228891,6.92543528202448,6.77208754122923,5.73119372396296,5.9649002061902,6.71538056004032,6.11945652602394,5.4506959628306,5.87161586934993
Bahrain,BHR,CO2 emissions (metric tons per capita),EN.ATM.CO2E.PC,28.0509107542122,19.9660038219537,21.3541042075881,21.1484067901956,21.1001593062826,21.6019312435895,19.6470888363484,25.9159573738936,26.7082119882647,23.8117084054483,23.5854808995682,22.4133347519184,20.5148509825668,23.8043569652375,23.4497548258489
Bahamas,BHS,CO2 emissions (metric tons per capita),EN.ATM.CO2E.PC,5.60101044009534,5.17748197997592,5.10035354205145,4.80809891495062,5.34372422688403,5.29029700925439,4.95732364589227,4.93820838494076,4.29090617077172,4.62952859751561,4.5833434950337,5.0918328932149,5.29293703079516,7.42654013360195,6.3232575117291
Bosnia and Herzegovina,BIH,CO2 emissions (metric tons per capita),EN.ATM.CO2E.PC,3.66047151012051,3.54323567251896,3.78761414447296,3.83365178301392,4.12833487645873,4.28516314824952,4.64746096540571,4.67751404345522,5.35493605987248,5.52610300486233,5.71613483199197,6.47538958460123,6.10128008332876,6.08081333725751,6.23471916168303
Belarus,BLR,CO2 emissions (metric tons per capita),EN.ATM.CO2E.PC,5.38974529064763,5.31404901159273,5.31192965661918,5.46414591207757,5.97715799947914,6.12247158630845,6.46244665756856,6.33031403877835,6.62316355451861,6.43968426694044,6.64269666046859,6.76251734899356,6.67999158961994,6.73665225121031,6.70195770525782
Belize,BLZ,CO2 emissions (metric tons per capita),EN.ATM.CO2E.PC,1.60134241756464,1.75451793053682,1.6502520918667,1.6077954891688,1.42116853623288,1.48866657017689,1.52609313251727,1.59751614405828,1.42528701843777,1.86895763054703,1.67610569388821,1.82686092007096,1.41582591082296,1.49159889709194,1.407601494481
Bermuda,BMU,CO2 emissions (metric tons per capita),EN.ATM.CO2E.PC,8.36199116976372,8.44822731345194,8.85974059003052,8.85986577181208,9.14736429243803,9.0883343205412,10.1161756272957,11.2460393293059,9.94375928791384,7.262934974709,9.34712241262822,6.87235920946658,7.35686286613784,7.05181458746789,8.83831498794885
Bolivia,BOL,CO2 emissions (metric tons per capita),EN.ATM.CO2E.PC,1.32705678701584,1.01468179076371,1.20137877317962,1.25904043167068,1.23940655734817,1.3353309424268,1.62190674169431,1.3061689504275,1.37896561979322,1.43354506131319,1.53287064380966,1.60202932168512,1.83546905538859,1.81899738314335,1.93241949870287
Brazil,BRA,CO2 emissions (metric tons per capita),EN.ATM.CO2E.PC,1.87111831255912,1.89835387399665,1.84437961081553,1.76248236204189,1.82867198122873,1.8580879921582,1.83939385948897,1.90137191704841,2.00867025815536,1.88381178441449,2.13293757108779,2.21158723527567,2.3435701150308,2.48841718370983,2.59438828549778
Barbados,BRB,CO2 emissions (metric tons per capita),EN.ATM.CO2E.PC,4.4028949738185,4.51118828158191,4.52502596895513,4.66021935076288,4.73999875499376,4.93824290443015,4.9864128359978,4.93979359043998,5.84458331380107,5.80725751427443,5.28599737453008,5.44951372233171,5.22210700143829,5.12714639179637,4.49017767348307
Brunei Darussalam,BRN,CO2 emissions (metric tons per capita),EN.ATM.CO2E.PC,14.1402018359085,13.2505667167475,12.6226997667694,12.9915871744735,13.9020897133146,13.7076416236259,13.1328615800135,22.4501819326476,24.0468843934903,20.4862470425148,21.1059455259326,24.6071779357534,24.1807638812452,19.2335919707382,22.1247012416688
Bhutan,BTN,CO2 emissions (metric tons per capita),EN.ATM.CO2E.PC,0.690660881454302,0.653044436906377,0.689377785913235,0.605839591680916,0.481081773343621,0.603125918503165,0.583684404696026,0.571168834193648,0.601619231043584,0.544051574760168,0.670263220461739,0.990398509135596,1.0860250183607,1.20322081779333,1.28932137116716
Botswana,BWA,CO2 emissions (metric tons per capita),EN.ATM.CO2E.PC,2.18746137912679,2.19401288366806,2.23528093157516,2.12174541480287,2.13084626611929,2.20709356134002,2.19525134298321,2.210450822027,2.31548317852227,1.90028597663901,2.32592440390577,2.03609106052193,2.02540928486131,2.45671825368674,3.24328763661634
Central African Republic,CAF,CO2 emissions (metric tons per capita),EN.ATM.CO2E.PC,0.0712894801738275,0.0641116871940239,0.0628744614357823,0.0589421762001575,0.0578756884032596,0.0568539527266825,0.0593456358029187,0.0591755928715094,0.0582279687005942,0.057449996934765,0.0593509084471819,0.0622614999978776,0.0653302500258328,0.0660110901885101,0.066593110852834
Canada,CAN,CO2 emissions (metric tons per capita),EN.ATM.CO2E.PC,17.3671146940009,16.9850295187875,16.5593778458006,17.4611991413057,17.258911142366,17.2510832817529,16.696694355829,16.8558827421417,16.8751978785393,15.9615601566894,15.723167000507,15.6397596234201,14.8906356432683,14.7119718243749,15.1171587794778
Central Europe and the Baltics,CEB,CO2 emissions (metric tons per capita),EN.ATM.CO2E.PC,6.60384328227738,6.83101960735832,6.76524677025473,7.00633756885529,6.93263216969055,6.98799200252059,7.25218306073392,7.27980180595807,7.15719209530747,6.51550866539489,6.82803356479057,6.86434946488299,6.50436699486502,6.3448382618131,6.14888253990517
Switzerland,CHE,CO2 emissions (metric tons per capita),EN.ATM.CO2E.PC,5.43548498451474,5.93984843953972,5.58651281656358,5.47426713799331,5.46256893956053,5.55835038183489,5.59217531848891,5.03057401971126,5.28304432392851,5.37797364121195,4.98342894466888,4.67203836308538,4.72357428746104,4.97283587573087,4.31156299409097
Chile,CHL,CO2 emissions (metric tons per capita),EN.ATM.CO2E.PC,3.8534993750145,3.453563551989,3.53072002770162,3.51926157099997,3.74211830163159,3.82845364333727,3.97151048248654,4.34391654413524,4.31229432919644,3.96955561568827,4.25171517053079,4.61972953748937,4.67798279651244,4.765865990127,4.68737662371284
China,CHN,CO2 emissions (metric tons per capita),EN.ATM.CO2E.PC,2.69686243322549,2.74212081298895,3.0070831974383,3.52407409267308,4.03799065100399,4.52317806354125,4.98031419657976,5.33490992916681,5.7019150246668,6.01010243303337,6.56052000702696,7.24151541889549,7.42475091638009,7.55721104480691,7.54390764144927
Cote d'Ivoire,CIV,CO2 emissions (metric tons per capita),EN.ATM.CO2E.PC,0.406991230847387,0.453421366194386,0.419561907548877,0.308844016085428,0.425832957452764,0.426769671072735,0.374162962677749,0.355057997926327,0.347554665389543,0.283812054814804,0.341512031739498,0.3469514763384,0.434007997627109,0.486455714550535,0.490206046242236
Cameroon,CMR,CO2 emissions (metric tons per capita),EN.ATM.CO2E.PC,0.224712545323058,0.218308252711999,0.212475487858602,0.229828382551296,0.233308219944229,0.212179524528014,0.21572321155121,0.317155402367409,0.293251264293113,0.34608330428841,0.339515019532565,0.28109480266195,0.290648215621545,0.31275573214738,0.314928068034826
Congo-Dem. Rep.,COD,CO2 emissions (metric tons per capita),EN.ATM.CO2E.PC,0.0172926184840821,0.0172763185643742,0.0186161718907204,0.0191948310288106,0.0226101009467152,0.0273929236172555,0.0284705920595562,0.0300678929394554,0.0307943994336068,0.0280271564708125,0.0313145508465683,0.0373770882118678,0.0348206856141438,0.0503392133435128,0.0633691910487466
Congo-Rep.,COG,CO2 emissions (metric tons per capita),EN.ATM.CO2E.PC,0.325124227809731,0.231136260685939,0.168972287933129,0.261740193272328,0.263422290600396,0.264306555542497,0.291079842753096,0.305257018806181,0.318099787750262,0.410345599325953,0.451406104780982,0.500555539551447,0.641061362988395,0.649833427796859,0.635369293307611
Colombia,COL,CO2 emissions (metric tons per capita),EN.ATM.CO2E.PC,1.43362024086848,1.37290265520363,1.33889963437601,1.36224490655293,1.28898969887368,1.40798538378807,1.43582414360598,1.40690202037329,1.51640344483477,1.59990565917465,1.65892308211292,1.64912348976912,1.70539858227583,1.89310316137465,1.75953717356061
Comoros,COM,CO2 emissions (metric tons per capita),EN.ATM.CO2E.PC,0.189314418362813,0.184706271766975,0.180298132152371,0.226353755330404,0.239461311258012,0.227828398680895,0.257569541445504,0.160026183722453,0.161805093810529,0.19608111078764,0.23394210749146,0.192025124227075,0.197567788602342,0.237378287255563,0.202814119320239
Cabo Verde,CPV,CO2 emissions (metric tons per capita),EN.ATM.CO2E.PC,0.497272909057895,0.52891489150718,0.608319730328728,0.669412166112134,0.705698963358308,0.927245257255561,0.983876704208654,1.04030935083197,0.954553681645967,1.055171109318,1.10947800885379,1.21254873865061,0.984565517268215,0.958866077299627,0.933403237234465
Costa Rica,CRI,CO2 emissions (metric tons per capita),EN.ATM.CO2E.PC,1.3947039862762,1.44136806513614,1.55679483481509,1.60599020206395,1.65525844284193,1.61688985063236,1.64763318924042,1.85889978850977,1.83535936722543,1.76067779450536,1.66517530273163,1.68266074321907,1.66878006206111,1.61440217270054,1.63095106225335
Caribbean small states,CSS,CO2 emissions (metric tons per capita),EN.ATM.CO2E.PC,6.5066921708591,6.92453159513083,7.04081680101066,7.56734129142482,7.77692781505732,8.3921022867429,9.14751607133885,9.29378690309362,9.18808770882839,8.91500164132058,9.27710944981283,9.1437342207778,8.88637753142472,9.13802548937418,8.88454138458529
Cayman Islands,CYM,CO2 emissions (metric tons per capita),EN.ATM.CO2E.PC,11.171564276633,10.8360882814664,10.9014931378247,10.7553011210567,9.76853633269202,9.72899099173214,9.67488157342448,11.1114736903444,11.0163813626573,10.268870097091,10.0416884356928,10.3699252372788,9.30726839698903,9.17205461616213,9.17183803150139
Cyprus,CYP,CO2 emissions (metric tons per capita),EN.ATM.CO2E.PC,7.34732626160041,7.12945676374232,7.18787040695377,7.79857039764967,7.25843964331311,7.30075764505312,7.44968049055532,7.70485338136639,7.93029439801472,7.38692403804473,6.92790356343255,6.60156823000707,6.09625641594908,5.1996632561002,5.26035204098901
Czech Republic,CZE,CO2 emissions (metric tons per capita),EN.ATM.CO2E.PC,12.0768890449527,12.109787253202,11.7437028999749,11.9736890276023,11.451844499726,11.7624500353337,11.9258292756892,11.9725152221204,11.2337728269439,10.3083217859627,10.6525786177933,10.1854822482433,9.61198587926592,9.384891602576,9.16597837581982
Germany,DEU,CO2 emissions (metric tons per capita),EN.ATM.CO2E.PC,10.0956398829225,10.3662866966788,10.058672497298,9.96935452533021,9.89868236878404,9.66637223430522,9.91147601151208,9.48803988827902,9.50632117752826,8.81859556166104,9.27963401169499,9.1248592104965,9.19929975724339,9.39062341958994,8.88937039483839
Djibouti,DJI,CO2 emissions (metric tons per capita),EN.ATM.CO2E.PC,0.475248890722201,0.500470171732102,0.535636225729375,0.55588803279661,0.528103722079216,0.529037834470044,0.515825010550007,0.570843659887176,0.606017007439236,0.552127049376225,0.607471573619567,0.546278770857464,0.586763278993628,0.678855967739058,0.791961752491876
Dominica,DMA,CO2 emissions (metric tons per capita),EN.ATM.CO2E.PC,1.47362075894139,1.57901535811684,1.47049725022915,1.67411867090865,1.61521192401142,1.66146091438119,1.60544861383761,2.1707399577167,1.85738807440133,1.85334624942088,1.95053191489362,1.78957862740177,1.88327966242852,1.82337016574586,1.86428591057737
Denmark,DNK,CO2 emissions (metric tons per capita),EN.ATM.CO2E.PC,9.61317555419716,9.87509234839328,9.68193192955788,10.3882734936947,9.36270101912787,8.69007693057132,10.1129141598949,9.20201511030611,8.54335109757298,8.05889560110771,8.40721667045503,7.29638320804399,6.51480084670286,6.86256503195408,5.9357124821143
Dominican Republic,DOM,CO2 emissions (metric tons per capita),EN.ATM.CO2E.PC,2.3113012579558,2.27850763574082,2.41510990643984,2.39907055942621,2.01135175466368,2.0177783844792,2.111060875192,2.22774322460456,2.14924225757846,2.07081010811283,2.123958664314,2.11709004452436,2.17854455216422,2.08543251745694,2.0699866344335
Algeria,DZA,CO2 emissions (metric tons per capita),EN.ATM.CO2E.PC,2.81754354684473,2.66585151698904,2.81004459252848,2.82611296416802,2.69593129026213,3.22268314970751,2.99218746923841,3.18964147484688,3.16138145760923,3.42301143412689,3.29970368770249,3.29137617567272,3.4602658100588,3.507310028999,3.71740990081817
East Asia & Pacific (excluding high income),EAP,CO2 emissions (metric tons per capita),EN.ATM.CO2E.PC,2.31133094574131,2.36886202716052,2.56129858281301,2.94277845646788,3.32225267713539,3.6615605747307,3.96561665196393,4.22108676444613,4.50265666647891,4.72637784326383,5.1060445087073,5.64163635499887,5.77322448528528,5.79045974876772,5.77547834477085
Early-demographic dividend,EAR,CO2 emissions (metric tons per capita),EN.ATM.CO2E.PC,1.71211190477899,1.70339711277269,1.70594111028349,1.7653565378987,1.82510641979969,1.85868413257951,1.93022013785169,1.97591264014637,2.07957472508864,2.12852237731529,2.11982654072511,2.20137008449608,2.29594268221608,2.21086506287639,2.29530215229644
East Asia & Pacific,EAS,CO2 emissions (metric tons per capita),EN.ATM.CO2E.PC,3.19837264791158,3.23483319694791,3.42447188351139,3.76287925677891,4.11997552840047,4.39809905673954,4.67112957727635,4.91880017453505,5.15512320822904,5.30531826668782,5.70178263843552,6.1900228643384,6.30711795666516,6.33049800520395,6.29360497638158
Europe & Central Asia (excluding high income),ECA,CO2 emissions (metric tons per capita),EN.ATM.CO2E.PC,6.86517623767031,6.87057145208091,6.9179106710344,7.22000604098588,7.2960012852451,7.33638624199673,7.60717191977042,7.70240615403033,7.8216242023455,7.08574754300184,7.55576803075348,7.88387236190316,7.99917048147051,7.73327594669738,7.42132815895557
Europe & Central Asia,ECS,CO2 emissions (metric tons per capita),EN.ATM.CO2E.PC,7.60687248551669,7.69428737729536,7.66580800357379,7.86692223393554,7.89369155320101,7.87214587773649,8.00345415185714,7.93960226897804,7.89362853709525,7.21897575320116,7.54293864050654,7.5000651320756,7.47320699340852,7.28924246094611,6.9160493262343
Ecuador,ECU,CO2 emissions (metric tons per capita),EN.ATM.CO2E.PC,1.64060597076666,1.79858466142084,1.90867147182617,2.02918943917127,2.1500418922863,2.20336640812719,2.06617729182358,2.24478811059387,2.3442302583647,2.45510427107246,2.44136175575121,2.54391117556386,2.47349501603991,2.61768904438367,2.76170217502084
Egypt,EGY,CO2 emissions (metric tons per capita),EN.ATM.CO2E.PC,2.02166057648738,1.76129617529547,1.75221594212039,1.9999941337036,2.0019622747896,2.17780538053867,2.28491225993438,2.37740825673223,2.45308047677171,2.50693511001549,2.41019138031345,2.5281673247975,2.47192818505753,2.376329651912,2.19898024634231
Spain,ESP,CO2 emissions (metric tons per capita),EN.ATM.CO2E.PC,7.25782434589112,7.29074832831551,7.59128078166889,7.61116644458348,7.90805068135971,8.09705804769438,7.88419571010583,7.92089071606499,7.16553160668603,6.21697337783496,5.81641636625128,5.78801845772827,5.66093880333453,5.08439835268284,5.03382448723757
Estonia,EST,CO2 emissions (metric tons per capita),EN.ATM.CO2E.PC,10.6362516419289,11.2167089902494,10.7935041867546,12.4933538578265,12.6839903122821,12.3670151870237,12.0099620584938,13.9548840886714,13.0818344314893,10.9143201837372,13.5996890666366,14.0167329722872,13.3240003749917,15.0937179674916,14.848819173174
Ethiopia,ETH,CO2 emissions (metric tons per capita),EN.ATM.CO2E.PC,0.0533483376422177,0.0635506725964659,0.0641360438866842,0.0687450561818445,0.0709573228758072,0.0667187100023078,0.0698049322054751,0.0742450572070568,0.0790840480985417,0.0776191388306392,0.0750938597422405,0.0858039683295198,0.0926228641124991,0.112072453123652,0.119124014522654
European Union,EUU,CO2 emissions (metric tons per capita),EN.ATM.CO2E.PC,8.01273165696264,8.17499439542084,8.10602328586136,8.22475707587311,8.21033126041971,8.14492765501222,8.17878693582042,8.0101715904915,7.80432725622241,7.15740961230372,7.35630495447647,7.07946092042801,6.91780251227693,6.75382527003182,6.37914884774526
Fragile and conflict affected situations,FCS,CO2 emissions (metric tons per capita),EN.ATM.CO2E.PC,0.765812137498156,0.789740321227447,0.750237330317245,0.80061495396107,0.859576223741084,0.846048032582592,0.799199812346435,0.719929743303519,0.801348445904965,0.820861629140423,0.842662476927779,0.825987786184085,0.841904674659245,0.880020573721388,0.886959023932481
Finland,FIN,CO2 emissions (metric tons per capita),EN.ATM.CO2E.PC,10.1284741400511,10.996742102171,11.8606758299719,13.2610969393138,12.8326749770283,10.4164380522202,12.5706384483281,12.0984818632864,10.6371591894379,9.95519427234709,11.5752816522205,10.5444747406961,9.07543335566445,8.68178012315563,8.66072124349448
Fiji,FJI,CO2 emissions (metric tons per capita),EN.ATM.CO2E.PC,1.03967712946995,1.29706786143269,1.09242470494342,1.28425917308738,1.65346903662718,1.33415711770382,1.47138967212184,1.38806342026708,1.06095762088837,0.929697981259837,1.4199790685505,1.25604495978484,1.2131042266677,1.30887617012328,1.32057470823182
France,FRA,CO2 emissions (metric tons per capita),EN.ATM.CO2E.PC,5.94666546275395,6.1530605991809,6.06866447158945,6.11599810786062,6.12007856802886,6.09959885469542,5.90626638550961,5.76638516981015,5.69050141507597,5.43835672666487,5.42898086189895,5.07791149059709,5.07506388727506,5.06217403504859,4.5731821471024
Faroe Islands,FRO,CO2 emissions (metric tons per capita),EN.ATM.CO2E.PC,14.587921621736,16.0488153852628,15.1995227030082,15.287447367324,15.5384583428536,14.9611473542508,14.0213504743402,14.229607001321,13.0086418479942,11.8663355112641,12.9912255406797,11.6932397959184,12.13140590967,13.9166512811045,12.2378485729495
Micronesia-Fed. Sts.,FSM,CO2 emissions (metric tons per capita),EN.ATM.CO2E.PC,1.16052945118773,1.57404003172678,1.33678247945935,1.33887245356501,1.34187488857821,1.13950619609025,1.14502668332009,1.3261196444546,1.12314554260227,1.55202000769527,1.09709890364422,1.16955000579889,1.31087021632223,1.37907658482961,1.44543575445849
Gabon,GAB,CO2 emissions (metric tons per capita),EN.ATM.CO2E.PC,3.81258721718887,3.80278770046401,3.53269252608719,3.49541541366687,3.43527988828658,3.48372918754267,2.88823291649479,2.76528361333957,2.71610005395692,2.67845740423531,2.93322440419215,2.92996822228023,2.90551833230211,2.90571962024376,2.7682657208219
United Kingdom,GBR,CO2 emissions (metric tons per capita),EN.ATM.CO2E.PC,9.19954923303155,9.23317498728384,8.90412310805173,9.05327783893049,8.98914012749737,8.98293853602857,8.89871022018899,8.61716368111307,8.42442398307829,7.57462213135116,7.85783648614987,7.07929762567232,7.35589827677421,7.14584435876957,6.49744049045117
Georgia,GEO,CO2 emissions (metric tons per capita),EN.ATM.CO2E.PC,1.11256641005648,0.939044777353774,0.851651432758202,0.954857055228386,1.10084510126447,1.29861223753475,1.58479615353988,1.66338191338282,1.34256761620071,1.63622140095254,1.6675686845653,2.12223697909803,2.26380242400253,2.1137931090135,2.41646049619644
Ghana,GHA,CO2 emissions (metric tons per capita),EN.ATM.CO2E.PC,0.332065263822419,0.356285126795648,0.37250620115253,0.37321408327237,0.350161074700465,0.324620094625343,0.423190166154723,0.432928115385002,0.392218773284621,0.322460194769617,0.40616280838234,0.391342521848358,0.461562599908002,0.55493014926488,0.536533377780147
Gibraltar,GIB,CO2 emissions (metric tons per capita),EN.ATM.CO2E.PC,10.7022771007056,10.9867406132466,11.0437801166624,11.2137137452711,12.0715763732129,12.4576281751597,12.9439559078524,12.7459550907413,12.9956006354638,14.0199660152931,14.0320286842026,13.5022002694207,13.7418433810189,14.5244893736514,15.5134849286092
Guinea,GIN,CO2 emissions (metric tons per capita),EN.ATM.CO2E.PC,0.18650251698748,0.191706203638133,0.197449477939161,0.202062482652778,0.20479063255481,0.188658482222414,0.191487708051913,0.195031419587754,0.212067120649895,0.214326136141025,0.241201500439589,0.25188429358134,0.228832610363065,0.19929667411108,0.207492620606193
Gambia,GMB,CO2 emissions (metric tons per capita),EN.ATM.CO2E.PC,0.199448144407896,0.199153086001913,0.220912205675225,0.213922820511684,0.209756659108963,0.203129197814159,0.206588639596625,0.228723501022665,0.23083624790063,0.232603869330796,0.255713888079596,0.256174689912693,0.252317680516057,0.232722215170675,0.267684889136388
Guinea-Bissau,GNB,CO2 emissions (metric tons per capita),EN.ATM.CO2E.PC,0.117983090806279,0.118615839534458,0.119065528792298,0.147101654402582,0.149358126997175,0.154026757664549,0.153151941466826,0.159770200794214,0.153530324997755,0.154659665438288,0.153196261922513,0.153925623718012,0.154457588763835,0.152655821159147,0.157241166708388
Equatorial Guinea,GNQ,CO2 emissions (metric tons per capita),EN.ATM.CO2E.PC,0.740177398534647,4.83765525304723,7.47258957363893,8.66318990053425,7.19925305283954,6.22209061727124,6.00353059830829,5.78352808964377,5.18537846981523,5.08234968007207,4.91964285714286,6.16274628126603,4.92537981673283,4.76415691499669,4.7338165294876
Greece,GRC,CO2 emissions (metric tons per capita),EN.ATM.CO2E.PC,8.47843382003456,8.63601427417748,8.59197018681489,8.76074512699864,8.86796719458015,8.98083944811261,8.82779621939824,8.89229344181771,8.66282428137396,8.27789234499236,7.54018386811447,7.18976291454789,7.24700735925025,6.33661458954141,6.18033726778447
Grenada,GRD,CO2 emissions (metric tons per capita),EN.ATM.CO2E.PC,1.87646011080605,1.90822688489823,2.01128305582762,2.11333821733822,2.00038965087282,2.1015551389523,2.23729650684202,2.3010348888846,2.4345521023766,2.42600866763826,2.48724170543672,2.40802284082798,2.57257705179132,2.87379731656422,2.27549830763445
Greenland,GRL,CO2 emissions (metric tons per capita),EN.ATM.CO2E.PC,9.46112099644128,9.56608695652174,9.52231977247434,9.36695146657271,10.2449965735974,10.6915254237288,11.0447916299715,11.2820793917426,11.7181508308479,10.2217388988513,11.6637729549249,12.4403410089647,10.005016722408,9.80325053555937,8.98918198774314
Guyana,GUY,CO2 emissions (metric tons per capita),EN.ATM.CO2E.PC,2.13701163280017,2.12046185974852,2.10202238643195,2.08258884335718,2.16609281954947,1.91420421708086,1.72196141680707,2.08879095135645,2.08822961916834,2.09980380666038,2.30367581266509,2.37907088506207,2.64888041418633,2.55404897365849,2.63234795184132
High income,HIC,CO2 emissions (metric tons per capita),EN.ATM.CO2E.PC,11.934569368192,11.8145888086087,11.8003788792692,11.9037920165796,12.0391371473502,11.9726360408365,11.9131083925884,11.8844035704387,11.6536603723667,10.9613272364708,11.2702981086943,11.0295671516912,10.8574397484501,10.7743512644264,10.712692294652
Hong Kong SAR-China,HKG,CO2 emissions (metric tons per capita),EN.ATM.CO2E.PC,6.06746826706677,5.65317561026466,5.87722646461351,6.44182088310454,6.14851595783887,6.43926319497446,6.13332502078138,6.3215362260168,6.32072364827963,6.04470198485544,5.79112653398252,6.193079501103,6.07328764632662,6.26907896752984,6.39360052562418
Honduras,HND,CO2 emissions (metric tons per capita),EN.ATM.CO2E.PC,0.771138223158008,0.8535983759897,0.887475982262973,0.962390427621061,1.02260501685625,1.02449199354981,0.929221553646628,1.13892447974642,1.10159173686956,0.979841745279819,0.973269196554196,1.07222735763207,1.05625722020409,1.04701421899481,1.07522179045218
Heavily indebted poor countries (HIPC),HPC,CO2 emissions (metric tons per capita),EN.ATM.CO2E.PC,0.162257813773791,0.163942514818862,0.170391155567979,0.175683410507688,0.184718896306953,0.183977820546832,0.192717356441065,0.200496028144235,0.203015918741415,0.203269539955969,0.221203409083111,0.23265995240672,0.24060112125875,0.254597359190511,0.2653421500774
Croatia,HRV,CO2 emissions (metric tons per capita),EN.ATM.CO2E.PC,4.32821192479828,4.7436167941424,4.9914187571214,5.34107016337551,5.19816800631882,5.2416767881359,5.24384626036757,5.52829845921911,5.24221193794007,4.91638423564538,4.69619597772236,4.62762981641453,4.21645564043887,4.12395313661313,3.97380490559031
Haiti,HTI,CO2 emissions (metric tons per capita),EN.ATM.CO2E.PC,0.15999052542928,0.180553799585324,0.206703020906235,0.193224636809323,0.217948810737108,0.224056081328203,0.22447543997491,0.250173879805447,0.2471108535585,0.230376834363998,0.212694146185799,0.218681438265385,0.224883834618984,0.230598509783952,0.270538585794459
Hungary,HUN,CO2 emissions (metric tons per capita),EN.ATM.CO2E.PC,5.46729669489807,5.59287567523423,5.51894147308371,5.82981043979043,5.6849107552221,5.75184892731434,5.69818703910193,5.57245952079302,5.46350118168737,4.84011144757125,5.02231164868321,4.79790000267757,4.4941289440849,4.25965983098088,4.2655749757664
IBRD only,IBD,CO2 emissions (metric tons per capita),EN.ATM.CO2E.PC,2.63696040769977,2.65901585568685,2.73614432043678,2.96131268632865,3.16241175199598,3.3410768684943,3.52923999883043,3.66527793600348,3.85806107668548,3.91315476994536,4.12173559019689,4.40929642582329,4.52270029608324,4.50092855211116,4.50856097887144
IDA & IBRD total,IBT,CO2 emissions (metric tons per capita),EN.ATM.CO2E.PC,2.17848175361583,2.1925822758311,2.24822928506277,2.42287918244871,2.57623838745792,2.70685251391638,2.84717156036503,2.94927914987051,3.08963396001374,3.1160754104785,3.27126064425204,3.48481755383119,3.56011929406307,3.53543267601104,3.52966095171553
IDA total,IDA,CO2 emissions (metric tons per capita),EN.ATM.CO2E.PC,0.494096652000844,0.500432102854384,0.50056877637503,0.518765907222567,0.529728927486645,0.520641049662306,0.526091632764849,0.544347889210376,0.541702835067618,0.506682531920135,0.523641434131707,0.536908204164322,0.529591478196583,0.534503758162866,0.525891423579314
IDA blend,IDB,CO2 emissions (metric tons per capita),EN.ATM.CO2E.PC,0.963794691505352,0.974056011391457,0.998706122027004,1.00369760016901,1.02155438780323,0.999547492406517,0.994749565834865,1.00774611131032,0.988996369393452,0.890379577909769,0.907667614250529,0.939870757407796,0.937521857929491,0.930803298041923,0.880445467307095
Indonesia,IDN,CO2 emissions (metric tons per capita),EN.ATM.CO2E.PC,1.24524161289282,1.37481834466724,1.41023379736012,1.43640446443785,1.50989820886019,1.508480595686,1.50157677007933,1.61185539544094,1.7638951391433,1.86516540256931,1.76790787941536,2.45684474415599,2.559750232591,1.94509447387694,1.81936331905513
IDA only,IDX,CO2 emissions (metric tons per capita),EN.ATM.CO2E.PC,0.256610246591887,0.261527996871823,0.249832058708018,0.27541051825656,0.283473307820363,0.281287477903899,0.292215378064982,0.31335117737807,0.318837215789555,0.315627497082823,0.332242202604524,0.335718672407633,0.325675764984591,0.336241561204255,0.348440392892661
Ireland,IRL,CO2 emissions (metric tons per capita),EN.ATM.CO2E.PC,10.8347426425178,11.3882311587761,11.0412508103492,10.6811767034378,10.7516366268314,10.4661517040977,10.0993731033222,10.1475288830814,9.57764129274599,8.88901094176336,8.78361393417548,7.77982216046693,7.73815559101326,7.53811029677652,7.31393980771791
Iran,IRN,CO2 emissions (metric tons per capita),EN.ATM.CO2E.PC,5.62871214830904,5.93828881823699,5.90968678645191,6.0808197316679,6.42136251007296,6.6571365936613,7.15083708794927,7.2097217086902,7.43467454741431,7.52200253869157,7.68472866152124,7.80293462388959,8.0016962450964,8.00380876267108,8.28302078741615
Iraq,IRQ,CO2 emissions (metric tons per capita),EN.ATM.CO2E.PC,3.07421949277952,3.51902219102709,3.49889273150781,3.5554450498068,4.3350584036112,4.20324331377178,3.56599605775338,2.1893167321541,3.1997457904574,3.49715293558192,3.64712877455071,4.23564549156204,4.65952390199695,4.88462266415942,4.81183968613452
Iceland,ISL,CO2 emissions (metric tons per capita),EN.ATM.CO2E.PC,7.69378211624971,7.37342789365823,7.55022728616493,7.48545701348089,7.68368290227819,7.51358455721286,7.56861499364676,7.414833454228,6.67748114449898,6.44749277077793,6.16852858593703,5.89682897929244,5.61399181830654,5.8669462942143,6.05965740746397
Israel,ISR,CO2 emissions (metric tons per capita),EN.ATM.CO2E.PC,9.58177945619335,9.8768102189781,9.10387168949772,9.40087746834686,8.66799309737113,8.21808877216779,8.85648836780697,8.78433448002117,9.3400930385289,8.61247288126536,9.03522325410567,8.90188827937881,9.54796776436382,8.32178547056269,7.86318134790706
Italy,ITA,CO2 emissions (metric tons per capita),EN.ATM.CO2E.PC,7.912673166227,7.90443266326278,7.93232304235508,8.17175128041614,8.21648720132938,8.16609012769546,8.07214559567724,7.91734721623538,7.60176496973799,6.79565148637292,6.83837457020099,6.70255761383033,6.20541385845015,5.73294187855659,5.27086678640296
Jamaica,JAM,CO2 emissions (metric tons per capita),EN.ATM.CO2E.PC,3.87973829296494,3.96560380215098,3.79971663316572,3.93263031928718,3.91053208085527,3.8250899105285,4.16481268741312,3.47744865999127,3.65895398122376,2.76063146512834,2.5902683860983,2.77731063480277,2.62666878329823,2.83787402162909,2.59321537046218
Jordan,JOR,CO2 emissions (metric tons per capita),EN.ATM.CO2E.PC,3.03886889026931,3.08132154881831,3.19367817004975,3.23704272218922,3.47582310483336,3.68553936036594,3.55933505801593,3.55794016364101,3.28965478560121,3.20944402646136,2.94896155736461,2.86052357093644,3.05836706152074,2.8988318010275,3.00251472703979
Japan,JPN,CO2 emissions (metric tons per capita),EN.ATM.CO2E.PC,9.62235162366075,9.46430870868037,9.57313013456785,9.72528205891104,9.90920349715484,9.6988825182159,9.63204861795485,9.78296389871954,9.44953397156087,8.62081638773263,9.14831603810416,9.31742666604085,9.63862828980874,9.7808150653223,9.53870610327163
Kazakhstan,KAZ,CO2 emissions (metric tons per capita),EN.ATM.CO2E.PC,7.93485418136683,8.8738510741614,9.00033367099743,9.53851735909099,11.5268924867373,11.7071662040127,12.5836242471625,14.3597124732114,14.8530578665306,13.2567629220034,15.2279873289044,15.646296858992,14.4694178907699,15.4293165175178,14.3631697418223
Kenya,KEN,CO2 emissions (metric tons per capita),EN.ATM.CO2E.PC,0.331249189400366,0.289874857842224,0.239910544975164,0.197903468685751,0.217354468922548,0.237527091439127,0.258407753417152,0.258132922598749,0.261618017955056,0.306941207942779,0.294423101516048,0.316754324792202,0.286745420820472,0.297438082252893,0.310415313666165
Kyrgyz Republic,KGZ,CO2 emissions (metric tons per capita),EN.ATM.CO2E.PC,0.946245304589254,0.787517744838325,0.99340453243032,1.07829417246644,1.15080886242091,1.0832090419556,1.05546412693546,1.25843443929846,1.44026980277135,1.26154663496368,1.1718730152903,1.38844086606463,1.80694838778713,1.7207895657039,1.64639533887413
Cambodia,KHM,CO2 emissions (metric tons per capita),EN.ATM.CO2E.PC,0.162644455551575,0.181539439755281,0.174719536920816,0.185159887977429,0.187232520350595,0.209184397433016,0.222613710991192,0.25337375051118,0.280826949501636,0.330259354581565,0.3503305671918,0.358177248053809,0.369259354453103,0.372980821280234,0.437759998009271
Kiribati,KIR,CO2 emissions (metric tons per capita),EN.ATM.CO2E.PC,0.34755823045755,0.298970392974446,0.461822927996519,0.453760053996288,0.486006494223675,0.675212564310858,0.739157649055803,0.533043992898008,0.558766761479074,0.401091798584043,0.607284806920469,0.595656245222443,0.584722313413936,0.574367715483485,0.564368357203643
St. Kitts and Nevis,KNA,CO2 emissions (metric tons per capita),EN.ATM.CO2E.PC,3.7984087803588,3.82726679712981,4.24557792500161,4.18589608083541,4.4336369890142,4.07352245376561,4.0984555984556,4.34592129843521,4.29851784153223,4.39584561568997,4.27680046651764,4.44219897704111,4.18360555988667,4.2070943594952,4.2989449003517
Korea-Rep.,KOR,CO2 emissions (metric tons per capita),EN.ATM.CO2E.PC,9.52093176005307,9.50374423445104,9.77299974964706,9.73464949397951,10.0301838595436,9.60726984728573,9.71660567635209,10.1815670390122,10.3474228610228,10.3201094917268,11.4363166269633,11.8029687340986,11.6328245622552,11.7492008400819,11.5703454093401
Kuwait,KWT,CO2 emissions (metric tons per capita),EN.ATM.CO2E.PC,26.117487288741,27.3266344451266,27.1608343560343,27.6252592067375,28.7754516768806,31.4267390780116,31.031145546676,30.0533428403657,31.1917729250398,30.9704949273468,29.8941513627208,28.5265287204749,30.1379123183361,27.3303921064589,25.2238644264961
Latin America & Caribbean (excluding high income),LAC,CO2 emissions (metric tons per capita),EN.ATM.CO2E.PC,2.38076205715488,2.43633843585571,2.45101501395582,2.45850583029413,2.38566342578967,2.48291546844008,2.49661592251867,2.5015360673674,2.59538615175626,2.5188932196813,2.62230606516868,2.63437172188396,2.74571233879764,2.76372925339785,2.78110175550676
Lao PDR,LAO,CO2 emissions (metric tons per capita),EN.ATM.CO2E.PC,0.176149080630416,0.161184788888052,0.20945621583647,0.197162692467062,0.245994204361999,0.244083186276878,0.265181500322429,0.152848496929386,0.156321265525372,0.204449551335525,0.262420284476794,0.256490776723786,0.264657252209568,0.242789462006416,0.297200883705774
Lebanon,LBN,CO2 emissions (metric tons per capita),EN.ATM.CO2E.PC,4.71272369184816,4.81313947996032,4.54258542191989,4.91183650577177,4.34826974164613,4.06539796310473,3.56365139808003,3.29418059516462,4.19055437702366,4.98966904413797,4.6222820517018,4.45551119700948,4.60351183507295,4.27993734768585,4.29573255231446
Liberia,LBR,CO2 emissions (metric tons per capita),EN.ATM.CO2E.PC,0.146195799512016,0.164278273242371,0.159233697360933,0.167097261340856,0.193947010685635,0.222635631341549,0.22159475662043,0.189982043489598,0.154168462784395,0.135653470209323,0.200619787873991,0.218929837522637,0.245544548772791,0.223290252575012,0.21296766351526
Libya,LBY,CO2 emissions (metric tons per capita),EN.ATM.CO2E.PC,8.79682718632737,8.84099907987514,8.65349944776269,8.75490673709462,8.82752645641998,8.99549052184409,9.05739993726021,8.3678691509828,9.25370943510062,9.47205276608453,10.043749858165,6.41036612410331,8.49977348474362,9.08113628697363,9.18684539340708
St. Lucia,LCA,CO2 emissions (metric tons per capita),EN.ATM.CO2E.PC,2.10278498110851,2.29094936389338,2.04279463955985,2.23246134444907,2.19227616470777,2.23988174499432,2.21695575157037,2.30162952513031,2.34036165937832,2.25137701582253,2.3372928496929,2.34155391412398,2.32812079961106,2.31718661049755,2.30719132076113
Latin America & Caribbean,LCN,CO2 emissions (metric tons per capita),EN.ATM.CO2E.PC,2.58598037644525,2.61017567929674,2.60626990608486,2.63536753891972,2.6189732898994,2.72321927861145,2.7697174253903,2.78386166811911,2.88864995669634,2.79273255395327,2.9051362501059,2.93091449144373,3.02585130951526,3.03604009564656,3.06330709887928
Least developed countries: UN classification,LDC,CO2 emissions (metric tons per capita),EN.ATM.CO2E.PC,0.166976484215508,0.175880210546702,0.18223536624457,0.185154905731612,0.209194200609335,0.211198027538312,0.223563900223067,0.230223596286471,0.238035626418445,0.251513587966893,0.269364191554851,0.278625092399786,0.278405673931745,0.294525991905485,0.314163046682849
Low income,LIC,CO2 emissions (metric tons per capita),EN.ATM.CO2E.PC,0.407045869212638,0.402802592415711,0.364133503229154,0.396311343060703,0.387938287367871,0.392132957577701,0.395533281820967,0.391635457941619,0.401954779795958,0.387771546059028,0.38717169808835,0.352098092173012,0.325237325667031,0.315277065156451,0.320595160632741
Sri Lanka,LKA,CO2 emissions (metric tons per capita),EN.ATM.CO2E.PC,0.545112224308269,0.55219088360875,0.580084525664636,0.576519906759751,0.634873861132702,0.61978867844281,0.608862738267744,0.623605803887972,0.612029771432949,0.656312555771866,0.656664382487028,0.745132332402183,0.784926511627907,0.75246091814428,0.885247473289056
Lower middle income,LMC,CO2 emissions (metric tons per capita),EN.ATM.CO2E.PC,1.05143110612619,1.05621176364748,1.06489627622754,1.10184459207438,1.1371213696082,1.15639403540209,1.18171613997305,1.23086887253714,1.30097771585923,1.33506809420011,1.33813053252425,1.44332182864054,1.51118575424219,1.43919336539734,1.47402550841293
Low & middle income,LMY,CO2 emissions (metric tons per capita),EN.ATM.CO2E.PC,2.11537439016194,2.13256304814084,2.19175331105057,2.36529010418268,2.51608760626986,2.64830067807892,2.78463455865992,2.88572764521667,3.02805474111942,3.06127190707468,3.2142177744576,3.42567298689197,3.50595302389191,3.47914977690477,3.47610988167463
Lesotho,LSO,CO2 emissions (metric tons per capita),EN.ATM.CO2E.PC,0.990975539666902,0.995518981099761,1.00238026149233,1.00751369716964,1.02591832977544,1.03264354774427,1.03723427527215,1.04703405712694,1.06346722135275,1.09871489281199,1.11597651810712,1.12985680415238,1.15102147059612,1.14996356313354,1.15011103162712
Late-demographic dividend,LTE,CO2 emissions (metric tons per capita),EN.ATM.CO2E.PC,3.40141700986164,3.4515978613844,3.60602723757428,3.99068765573683,4.34802225595986,4.68000585555364,5.02034272941184,5.25850172487261,5.5467105093696,5.62839942107689,6.07688339069316,6.5535444692305,6.70379206798689,6.77047122556471,6.74476233270348
Lithuania,LTU,CO2 emissions (metric tons per capita),EN.ATM.CO2E.PC,3.47572906808217,3.71262278805745,3.81709911541077,3.75481675667081,3.92209352768298,4.18404209084167,4.32987187105207,4.69369608584053,4.69291649039735,3.95810005703598,4.34861630293916,4.55330131121176,4.62950967158482,4.27365723711993,4.37809012309851
Luxembourg,LUX,CO2 emissions (metric tons per capita),EN.ATM.CO2E.PC,18.8855122622049,19.9327331408188,21.105745503446,21.9307109802272,24.5990264028204,24.8246466791929,24.0128576476239,22.9572827103729,22.3854722193799,20.8771251730172,21.6351358015437,21.1029696323119,20.0842194874808,18.4983197143698,17.3621213728095
Latvia,LVA,CO2 emissions (metric tons per capita),EN.ATM.CO2E.PC,2.68262296466812,2.98892891830718,2.99211141330108,3.22151003844044,3.27144228194503,3.35284632519489,3.61186003875841,3.77978525899583,3.62940575624552,3.37649001783189,3.84959345523717,3.54111333202894,3.47174754795094,3.5182409036458,3.49819288166911
Macao SAR-China,MAC,CO2 emissions (metric tons per capita),EN.ATM.CO2E.PC,3.81283894770538,3.85047514044206,3.3819370188195,3.33112244565324,3.64014228353622,3.79193632281234,3.2855225816914,3.04962854018177,2.6022362291678,3.94403907765466,2.62236367462554,2.63626171422123,2.33371316425228,2.05052089031521,2.17984275987167
Moldova,MDA,CO2 emissions (metric tons per capita),EN.ATM.CO2E.PC,0.965214232804117,1.02291336106505,1.10018238716312,1.18752826696973,1.26373016236374,1.36166630553571,1.39307192411935,1.30813802975194,1.33836315315951,1.27629063687386,1.38463017732791,1.41530275680859,1.38355238446543,1.40453233128176,1.38682914196587
Madagascar,MDG,CO2 emissions (metric tons per capita),EN.ATM.CO2E.PC,0.118846962409508,0.107117168929801,0.0737113257247176,0.0984706357798689,0.101546441871557,0.0949910681973509,0.089148787506618,0.0934038053728086,0.0944419237216331,0.0861077631854079,0.0925780695964946,0.107595267078671,0.12110340140298,0.135748886401402,0.130421320637677
Maldives,MDV,CO2 emissions (metric tons per capita),EN.ATM.CO2E.PC,1.60865455946131,1.60975099903493,2.01825094023598,1.67449017070967,2.14995022920338,1.8861985472155,2.31868125154641,2.32413187728747,2.44428408307106,2.49293231894973,2.56531352963285,2.62954274640059,2.87698697317214,2.74980938457009,3.26955984979681
Middle East & North Africa,MEA,CO2 emissions (metric tons per capita),EN.ATM.CO2E.PC,4.64490111471182,4.63162528436196,4.60345205730636,4.81603337322679,5.10881540918597,5.25423976671324,5.45050501646151,5.29756903282074,5.60973635239486,5.74460928666134,5.84762916130582,5.79399193361626,6.09927039429668,5.92162695996881,6.1593560493239
Mexico,MEX,CO2 emissions (metric tons per capita),EN.ATM.CO2E.PC,3.91647818215066,4.00688161615309,3.97093498798838,4.16704651957522,4.12455140321073,4.29936523475852,4.35317357755684,4.29663548735757,4.33964443588963,4.12060076622679,3.95765766416183,4.06775519227611,4.10768631393635,4.00160249273419,3.86624111265674
Marshall Islands,MHL,CO2 emissions (metric tons per capita),EN.ATM.CO2E.PC,1.47638950133246,1.54598240806393,1.61702902718663,1.61833218205541,1.69005645811729,1.62022860436077,1.76034025884251,1.8990160538581,1.89607032057911,1.96246177370031,1.95853123509776,1.95416999733547,1.94968004101551,1.94487905593545,1.94101856402889
Middle income,MIC,CO2 emissions (metric tons per capita),EN.ATM.CO2E.PC,2.29040610555802,2.31233495996562,2.38441941086531,2.57605278383995,2.74735955497129,2.89731152870089,3.05249412209572,3.16983829192522,3.33199106533316,3.37548988790868,3.55147366567099,3.79752843148094,3.8961482976156,3.87269040444173,3.87412824319149
North Macedonia,MKD,CO2 emissions (metric tons per capita),EN.ATM.CO2E.PC,5.92899417589476,5.87339794267007,5.33693424073467,5.50739495847428,5.44065546387613,5.47485574720231,5.30193515240083,4.5964928843869,4.54788045534005,4.20383424041355,4.15445017455121,4.53512743542096,4.32288301649537,3.78052346658226,3.61493818276338
Mali,MLI,CO2 emissions (metric tons per capita),EN.ATM.CO2E.PC,0.0748934369953928,0.0733837834927706,0.0727796346210206,0.0702541447288192,0.0707246326755545,0.0701954556077021,0.0712492961400958,0.0737389626463354,0.0757354393227547,0.0552312081999661,0.0639744983195783,0.0672476507125769,0.0620839312611555,0.0623116483019779,0.0832286633976398
Malta,MLT,CO2 emissions (metric tons per capita),EN.ATM.CO2E.PC,5.29246296339022,6.32582411431247,5.80653788554154,6.47688054151969,6.41524866174228,6.68322132361317,6.3513032064504,6.69884491694614,6.25231387052096,5.81418600309835,6.17494957877773,6.10479546830407,6.3819007304275,5.49231747999258,5.40061395717027
Myanmar,MMR,CO2 emissions (metric tons per capita),EN.ATM.CO2E.PC,0.218848376007165,0.187093465783666,0.195328681113495,0.206738412898095,0.258661080577789,0.239234646052707,0.263052108940351,0.261834893834826,0.198099032509298,0.205437515022382,0.249531401054026,0.282824446273063,0.217129435442478,0.249963458388317,0.416600361658081
Middle East & North Africa (excluding high income),MNA,CO2 emissions (metric tons per capita),EN.ATM.CO2E.PC,3.10505976591507,3.14304441052056,3.10028948156753,3.26225618657235,3.40153662911562,3.55013241661365,3.60360396468068,3.55669538800407,3.73508346795999,3.80716384603325,3.81879595069642,3.82247760715654,3.92638187886624,3.91418836732276,3.92725336447406
Mozambique,MOZ,CO2 emissions (metric tons per capita),EN.ATM.CO2E.PC,0.0746889183989074,0.0850232705165133,0.0829592148407249,0.0972703810261791,0.0945963622274827,0.0871047604390752,0.0918985218816712,0.101969512249809,0.099191578954003,0.107559225632069,0.11294068201246,0.129247056969594,0.121535416324105,0.152038111591983,0.309666606914455
Mauritania,MRT,CO2 emissions (metric tons per capita),EN.ATM.CO2E.PC,0.433106133221917,0.455955773563108,0.469665477295919,0.469982418686849,0.5049498442729,0.507171193846783,0.499840560283893,0.556802755485387,0.56820328794283,0.605538677940888,0.619710029773852,0.644099587053403,0.693144213716168,0.676497971450799,0.666822427606843
Mauritius,MUS,CO2 emissions (metric tons per capita),EN.ATM.CO2E.PC,2.2677893927994,2.39401330951519,2.39571533287233,2.52350478419608,2.53175545023231,2.68399940077541,2.94193011970865,2.97588957995531,3.02999145581499,2.97492201960993,3.13208253358925,3.12999878633412,3.15928885038563,3.23390958429369,3.35311047207863
Malawi,MWI,CO2 emissions (metric tons per capita),EN.ATM.CO2E.PC,0.0763946782801807,0.0739930007730084,0.0708144219550479,0.07431087454841,0.0734786374102066,0.0672110754601847,0.0679920460260586,0.0641150196926241,0.0740017296331908,0.0642957247501496,0.0754332982024574,0.0755568762942631,0.0681128300668963,0.0738835216940527,0.0747629100469522
Malaysia,MYS,CO2 emissions (metric tons per capita),EN.ATM.CO2E.PC,5.4229371944872,5.72264062642214,5.52683452091923,6.41008638647401,6.50775334292864,6.80011647196798,6.41469151530438,6.94125576108476,7.52577775520397,7.20424991024395,7.77155474604007,7.69701588203133,7.49755896856738,7.96151399932217,8.03299157864044
North America,NAC,CO2 emissions (metric tons per capita),EN.ATM.CO2E.PC,19.9000107490898,19.3735860622075,19.3110788194224,19.3550318238225,19.4199923938642,19.359157190644,18.8564249728426,18.9838978388264,18.3037857511139,17.0376810722592,17.2710314246288,16.8423411534352,16.1673058374122,16.1604965917624,16.3623240608661
Namibia,NAM,CO2 emissions (metric tons per capita),EN.ATM.CO2E.PC,0.864978252021712,1.04305656403923,0.897058171482565,0.943269058939309,0.976417310529218,1.13680471765519,1.13449113552629,1.13540601418808,1.57900136490416,1.43622908321791,1.42753765236958,1.27771130531801,1.49502635677542,1.13499516516154,1.58372866715704
New Caledonia,NCL,CO2 emissions (metric tons per capita),EN.ATM.CO2E.PC,10.4732120245744,8.68981336621818,10.860770237934,12.1584448902777,11.0611147540984,12.1575457481163,11.5415227995758,12.307632183908,11.8129515962925,12.091632445619,14.1834714714715,14.3450560251622,14.0167181467181,16.092239711739,16.005931729155
Niger,NER,CO2 emissions (metric tons per capita),EN.ATM.CO2E.PC,0.0613698279736946,0.0557589482003701,0.0573813604159659,0.0599728842912979,0.0620151790826427,0.0525070806521359,0.0490418809311931,0.049248865140686,0.0532163817572615,0.0612174861465344,0.0714397995613914,0.0777897635789008,0.105264015713385,0.105275362941766,0.111073515505541
Nigeria,NGA,CO2 emissions (metric tons per capita),EN.ATM.CO2E.PC,0.621626466305102,0.683342207897801,0.728060754798191,0.769980197318786,0.770377149835484,0.763411353827024,0.693421338847477,0.649213946596811,0.639510536232122,0.496985479758217,0.577111379724362,0.587523022576854,0.588789917234998,0.571126416080498,0.545622113213755
Nicaragua,NIC,CO2 emissions (metric tons per capita),EN.ATM.CO2E.PC,0.748457267810351,0.777145909915208,0.780660219570458,0.841729221376796,0.833581275638204,0.803023351615666,0.819492309563795,0.834057151383911,0.790490170177671,0.793378229306173,0.790571277142518,0.840380211507932,0.786172382743349,0.765378513414715,0.808520855597367
Netherlands,NLD,CO2 emissions (metric tons per capita),EN.ATM.CO2E.PC,10.8947262797751,11.0177876603653,11.2492401198866,11.229738343237,11.3522689995976,11.1201775651617,10.9897152843972,10.7858629533841,10.7640240154308,10.4275230563251,11.0170708560989,10.4335386040941,10.1647588338308,10.3100627858175,9.92013807523839
Norway,NOR,CO2 emissions (metric tons per capita),EN.ATM.CO2E.PC,8.83401570307687,9.28499223816289,8.37853477588599,9.90643602042124,9.28746643553554,9.17921692577863,9.49583569082346,9.57484965980082,11.6795832483958,11.4618288550645,12.2934544997885,9.12476721592671,9.94098023481974,11.4501188375594,9.27094513154166
Nepal,NPL,CO2 emissions (metric tons per capita),EN.ATM.CO2E.PC,0.129282275646457,0.135225856939247,0.106876799158784,0.113901965494008,0.105477444412164,0.120277397830999,0.0988115626235273,0.0997362677722285,0.129223795911589,0.162087330503906,0.187128274559686,0.202491061361071,0.211798006685371,0.237169786577315,0.283538525834667
Nauru,NRU,CO2 emissions (metric tons per capita),EN.ATM.CO2E.PC,8.40300886719139,8.02566653402308,7.63958333333333,6.5313675044528,6.51846731187043,6.16363456594819,4.36937742031576,4.3995200959808,4.42384638584498,4.05600804424334,4.38942643391521,4.01083822213384,3.92421441774492,4.06653728860549,4.02185100818358
New Zealand,NZL,CO2 emissions (metric tons per capita),EN.ATM.CO2E.PC,8.54939419861576,8.87715449040072,8.4085141192858,8.46272794994041,8.45361247706422,8.2584895619149,7.99280863164938,7.96377456318955,8.02904103479037,7.52729605354902,7.3050058611258,7.18594822080292,7.74727683128786,7.53195740753247,7.68657582544293
OECD members,OED,CO2 emissions (metric tons per capita),EN.ATM.CO2E.PC,11.0532402220611,10.9332992227115,10.9122535478906,11.0046301207148,11.0511815188879,10.9912418918605,10.8959287433419,10.9066687523119,10.6322129212027,9.91618125719391,10.1580412493279,9.9642780193708,9.75441500136065,9.68180739744716,9.52355649116735
Oman,OMN,CO2 emissions (metric tons per capita),EN.ATM.CO2E.PC,9.65420806343588,8.8399681539071,10.9116847342977,13.5795170746943,11.4476050935249,11.9036964976671,15.3324576043819,16.4100178686642,15.4786753528616,14.2574505487797,15.5905311922564,16.6898687411731,17.0752640098088,16.5374000297994,15.4431671894823
Other small states,OSS,CO2 emissions (metric tons per capita),EN.ATM.CO2E.PC,5.02692908133888,5.23344355179415,5.24495303292011,5.4243604696981,5.42649332035759,5.74967546470342,6.12108861664932,6.56964909963469,6.63255431740572,6.31019859442467,6.56431030820932,6.78463419049343,7.0074034942281,6.68853493042988,7.51931183096083
Pakistan,PAK,CO2 emissions (metric tons per capita),EN.ATM.CO2E.PC,0.768458118792086,0.764701582795378,0.7886676083657,0.80495872264986,0.872801659102681,0.887768063327692,0.929856974225615,0.99102993623757,0.97205034620054,0.950832112238774,0.946268168264502,0.929801104594609,0.918978434073748,0.904315983160111,0.896264105182138
Panama,PAN,CO2 emissions (metric tons per capita),EN.ATM.CO2E.PC,1.91073596522114,2.2680756349193,1.8642022821198,1.91738621838517,1.77543606273786,2.05345349673394,2.17301781742118,2.0841700187648,2.09720561686424,2.40240013298374,2.51531007443411,2.72370867542914,2.68055981836966,2.79243118728282,2.2543113627969
Peru,PER,CO2 emissions (metric tons per capita),EN.ATM.CO2E.PC,1.16908722591373,1.03441455037958,1.02201649254908,0.9793100667918,1.1694840728959,1.34498940798054,1.24783208867968,1.51824327696407,1.43200278053403,1.78282804407371,1.96073384965557,1.66777094574867,1.82602434048966,1.86986825369967,1.99348594924528
Philippines,PHL,CO2 emissions (metric tons per capita),EN.ATM.CO2E.PC,0.939934892193283,0.891878629990982,0.876902416484598,0.860220945781909,0.874673879706386,0.867379087919375,0.770906137073974,0.808236154729757,0.868950030602126,0.84111159903388,0.905495625234512,0.897333685006204,0.941558643067239,0.996424570368028,1.05545684592961
Palau,PLW,CO2 emissions (metric tons per capita),EN.ATM.CO2E.PC,13.0042242503259,13.0397340754484,12.7391437621334,12.843807106599,12.7763583114522,13.079322817241,13.1932840295823,12.9427818651819,12.5085525014831,12.077917608888,12.3606741573034,12.2832661779698,12.1891800751517,12.2700764818356,12.3427040864701
Papua New Guinea,PNG,CO2 emissions (metric tons per capita),EN.ATM.CO2E.PC,0.478428354074909,0.561326045913405,0.594870184411758,0.656442052571371,0.728458267663629,0.694526382767599,0.665926409276148,0.923399973626726,0.706689825991239,0.733141684995942,0.670128424213086,0.732961332983371,0.683475587403625,0.814742393022924,0.81464880730964
Poland,POL,CO2 emissions (metric tons per capita),EN.ATM.CO2E.PC,7.82279832871167,7.8771122238933,7.71204098396761,7.91142198433329,7.97271580999136,7.92702668605069,8.36209746257249,8.24418374231648,8.25816005394148,7.80091434165951,8.31337682505654,8.32817587460663,7.87983006352283,7.94628250601022,7.51715158489872
Pre-demographic dividend,PRE,CO2 emissions (metric tons per capita),EN.ATM.CO2E.PC,0.389169393519039,0.426932895545388,0.441978857318557,0.447699684178932,0.503209856685255,0.495034363412924,0.457788036549659,0.399360554771537,0.441915478947472,0.431235883828591,0.466651105499489,0.504192971307369,0.523535453757297,0.535839629260124,0.536757223017314
Korea-Dem. Peoples Rep.,PRK,CO2 emissions (metric tons per capita),EN.ATM.CO2E.PC,3.03815129916929,3.12233379056805,2.96638695108358,3.00575558212192,3.04925304361685,3.16150748946826,3.19605781066424,2.65366847456145,2.92303428136408,2.88916720465555,2.70227950610288,1.94294369398832,1.97380940252999,1.44120605895083,1.61359684123056
Portugal,PRT,CO2 emissions (metric tons per capita),EN.ATM.CO2E.PC,6.09640338514531,6.05603797921048,6.41008669116977,5.85313564502156,6.02313784969106,6.21516547609187,5.68470507555011,5.70520785236486,5.26840220617631,5.12632397785555,4.55275264586545,4.51082721765256,4.37605313022238,4.3440293115954,4.33155402784831
Paraguay,PRY,CO2 emissions (metric tons per capita),EN.ATM.CO2E.PC,0.695683708299546,0.706728265179898,0.707623210279325,0.725821378578625,0.7168463148741,0.661205929986296,0.677573895134219,0.693306363440867,0.736175271621171,0.744430375677421,0.820810138429473,0.845408397461431,0.828337606844976,0.840506113762694,0.870219290588263
Pacific island small states,PSS,CO2 emissions (metric tons per capita),EN.ATM.CO2E.PC,0.96145485017941,1.08400865785169,0.990563423522563,1.06724407708715,1.19010504996279,1.05799345287347,1.10613288018253,1.09514940728565,0.954460991983164,0.928147500248302,1.09640864714086,1.0300731731351,1.00421609141557,1.03949444467391,1.06414968632188
Post-demographic dividend,PST,CO2 emissions (metric tons per capita),EN.ATM.CO2E.PC,12.0133489193295,11.9085344082186,11.9070947954263,12.0158994211719,12.0757526969164,11.9989034581311,11.8553982559752,11.8554230111559,11.5612975578546,10.7753866861969,11.0895897060013,10.8334176768466,10.59881387247,10.541762652384,10.3567726711968
French Polynesia,PYF,CO2 emissions (metric tons per capita),EN.ATM.CO2E.PC,2.39564103212537,2.81173193850949,2.88862721729264,3.09888570980165,3.02943501141893,3.22264855660962,3.200048869031,3.13798859528615,3.20470098298116,3.18952409999209,3.20393547905309,3.08479004458148,2.99619069351461,3.00301248866661,2.91513481726706
Qatar,QAT,CO2 emissions (metric tons per capita),EN.ATM.CO2E.PC,58.6393586000908,67.1060179676634,63.3544719426199,60.2995718762798,56.5908335584532,58.9187327935176,62.823536048742,53.1909857914163,46.6721376018288,43.5144765460969,40.7420176481562,41.2056454380873,44.6179293580487,37.7800853420592,45.4232399589121
Romania,ROU,CO2 emissions (metric tons per capita),EN.ATM.CO2E.PC,4.04051865503903,4.3662079787746,4.47471788034659,4.68438828633627,4.51730749400935,4.52430549513278,4.87646967786745,4.89513226607196,4.69206736334699,4.00521095214152,3.92221356080157,4.21292622102324,4.07431545512808,3.55016707872764,3.51615369125659
Russian Federation,RUS,CO2 emissions (metric tons per capita),EN.ATM.CO2E.PC,10.6271205332605,10.6696034034562,10.7159010231412,11.0906474801145,11.1206269755471,11.2535286682124,11.6691220679875,11.6724565724157,12.0145065077043,11.0238562302845,11.6943481245069,12.3348810039402,12.7849790249662,12.3935564747819,11.8575277737052
Rwanda,RWA,CO2 emissions (metric tons per capita),EN.ATM.CO2E.PC,0.0657946101419402,0.0638358845756828,0.0622893897229507,0.0599877009510911,0.0598799923523871,0.0587259299790307,0.0573555000879806,0.0589986538097987,0.0559030235258575,0.0577020411836857,0.0576164832052646,0.0631154924686225,0.0683174569159483,0.0725767773074222,0.074016445670242
South Asia,SAS,CO2 emissions (metric tons per capita),EN.ATM.CO2E.PC,0.85178014477294,0.84786095765458,0.847135004883493,0.868247087510382,0.900901767493594,0.936217113923338,0.982909014925463,1.04387477609029,1.13488297563288,1.22959139110457,1.20751909871869,1.27087887376836,1.36231531335648,1.35522146997919,1.46146746314529
Saudi Arabia,SAU,CO2 emissions (metric tons per capita),EN.ATM.CO2E.PC,14.3002727468168,13.9513569824281,14.9001376224602,14.5090552248417,17.0406039634266,16.6338116497461,17.6065466445382,15.3559788709022,16.5829992710317,17.5896118641822,18.9053424973007,17.7023072439215,19.4195057841035,18.0683580838082,19.5292717983416
Sudan,SDN,CO2 emissions (metric tons per capita),EN.ATM.CO2E.PC,0.159133713745191,0.178055692848892,0.220598608029217,0.239590404729863,0.294220660374736,0.273950845139068,0.291193188463428,0.332724015041885,0.341440489486692,0.346451108240755,0.345245385884236,0.330142236762997,0.300706838141128,0.309687394590696,0.299732598319775
Senegal,SEN,CO2 emissions (metric tons per capita),EN.ATM.CO2E.PC,0.398455815489437,0.427325302873936,0.433824209056945,0.466322150053556,0.477622831953139,0.516581422926096,0.40932136446858,0.436387427962825,0.41736159837338,0.365212358587026,0.599610304214953,0.629136953787372,0.577471338918714,0.596523237433712,0.608809117433519
Singapore,SGP,CO2 emissions (metric tons per capita),EN.ATM.CO2E.PC,12.1666243367801,11.9722151603234,11.3102312048755,7.56601372694738,6.83382557364837,7.1169214316223,6.99763209822407,4.34260609828839,7.46676196781582,11.2144225257455,10.9604087826578,8.72379741990645,6.84675846508862,10.3119819334926,10.306331909983
Solomon Islands,SLB,CO2 emissions (metric tons per capita),EN.ATM.CO2E.PC,0.364381290761956,0.372018128926774,0.362266864555142,0.361144125935327,0.352039168797619,0.343377634953233,0.34276580629884,0.364512922465209,0.370714621281049,0.376591568345156,0.375183311544364,0.366962310095735,0.359033309097766,0.357906561161854,0.350449345269538
Sierra Leone,SLE,CO2 emissions (metric tons per capita),EN.ATM.CO2E.PC,0.0931955129125033,0.119934030322334,0.122795133397455,0.125535118526626,0.117970768581694,0.0965617538167733,0.1253955585283,0.106680052272353,0.107654006927725,0.103438844041291,0.11241639210246,0.135882766468855,0.152292538260207,0.172170095140492,0.184925701657908
El Salvador,SLV,CO2 emissions (metric tons per capita),EN.ATM.CO2E.PC,0.978678941023167,1.00709655768188,1.01670722857066,1.09736089631895,1.06084830709367,1.0704862745007,1.13040763955553,1.14709125951861,1.0712393710228,1.04980108438988,1.04752291542098,1.0735900822923,1.07099751400282,0.996713368594016,1.00064462317564
Sub-Saharan Africa,SSF,CO2 emissions (metric tons per capita),EN.ATM.CO2E.PC,0.841760859724934,0.832492552639981,0.807573662412631,0.861943006182388,0.926243776297168,0.865613083275748,0.884318999126312,0.891707613853854,0.908547464677214,0.871235104205691,0.850715336857719,0.840118001157341,0.827960048718339,0.823009489562217,0.840453498292605
Small states,SST,CO2 emissions (metric tons per capita),EN.ATM.CO2E.PC,5.08623193926073,5.33264116179203,5.35833650712053,5.6049535794512,5.65700009646765,6.00864910814733,6.4346976928783,6.78476622650176,6.79458070531769,6.4956127253912,6.76079036479854,6.8894629749282,7.00080512244592,6.80986543886988,7.38402551938207
Sao Tome and Principe,STP,CO2 emissions (metric tons per capita),EN.ATM.CO2E.PC,0.343931720127556,0.362500176526246,0.404944474735832,0.444868303992667,0.482598424678717,0.494808198933368,0.529354539064069,0.517109030600671,0.505299167829947,0.536698026496812,0.566490822538564,0.574250559284116,0.621562805854918,0.607752145205699,0.594339819936633
Suriname,SUR,CO2 emissions (metric tons per capita),EN.ATM.CO2E.PC,4.64982958995745,4.95851718507975,3.24154528365946,3.16138815396083,3.16460101695602,3.19702933784418,3.46116948604719,3.46048596737328,3.77272162562992,3.84577205211489,4.5654273022583,3.70432608650668,4.20586247409589,3.53493014339956,3.6340194332102
Slovak Republic,SVK,CO2 emissions (metric tons per capita),EN.ATM.CO2E.PC,6.65932948826437,7.31713779128579,7.30002053223114,7.34986807171807,7.21280145487577,7.32539080596046,7.27796296110182,6.84327381534925,7.01055856847993,6.31907323733116,6.72195956247584,6.39539628896351,6.05902290100616,6.11280355961594,5.66158132774424
Slovenia,SVN,CO2 emissions (metric tons per capita),EN.ATM.CO2E.PC,7.23840366026874,7.6117411122155,7.73101181732037,7.7722871746872,7.88482893442804,7.93167469309774,8.09460811573058,8.04946876353362,8.58644120958821,7.49160231390485,7.48585436860503,7.35063762791407,7.18548104448903,6.8695513926774,6.21368684468327
Sweden,SWE,CO2 emissions (metric tons per capita),EN.ATM.CO2E.PC,5.56243008285854,5.74702606576468,6.43422859805055,6.11519453231213,6.06224140440501,5.71031351209116,5.45900321623082,5.25352193659618,5.32809827545271,4.63141135977089,5.54734805226545,5.47495712076762,4.94230082776452,4.67142078453361,4.47818217821374
Eswatini,SWZ,CO2 emissions (metric tons per capita),EN.ATM.CO2E.PC,1.11930646990771,1.06633908923906,1.04148187209162,0.957730055030753,0.940983678415565,0.921829179299974,0.906511654472858,0.934116514440012,0.946100473122288,0.885167383064772,0.862756818637179,0.855951970931836,0.966578750446658,0.856576240153021,0.92871499200446
Seychelles,SYC,CO2 emissions (metric tons per capita),EN.ATM.CO2E.PC,7.05096695467824,7.81250461811285,6.43848165975897,6.64464067841654,8.93685359199758,8.32021048058123,8.66903073286052,7.54677595756942,7.97027232163393,6.00679282457788,4.9427091455943,3.90012694273853,4.98329615075366,4.48443006592625,5.41867796276229
Syrian Arab Republic,SYR,CO2 emissions (metric tons per capita),EN.ATM.CO2E.PC,3.11019716957954,2.90921022426389,2.28609417856529,3.11653390766469,2.86990233642083,2.76729589932248,2.83279244801619,3.38555996529482,3.32990621655823,2.99313259376651,2.93097133742052,2.72757822531861,2.19042754702691,1.83950323741953,1.59889845852933
Turks and Caicos Islands,TCA,CO2 emissions (metric tons per capita),EN.ATM.CO2E.PC,3.69167593917236,3.63339113202873,4.55381289669764,4.3859888936352,4.10244526130734,4.57543103448276,5.17375732580855,5.7616969273743,6.0948746650385,5.94091585386014,6.15228753952378,6.00939144685008,6.1058246739231,5.98097136643711,6.08648744776075
Chad,TCD,CO2 emissions (metric tons per capita),EN.ATM.CO2E.PC,0.0210985622037555,0.0198948125663453,0.0187389277723325,0.0407740622702324,0.0388979739842553,0.0397042458191902,0.0390570658220616,0.0428781106540749,0.0457804350171068,0.0427181727974423,0.0434961061484444,0.0438655959877126,0.0482001175115416,0.0533286826624467,0.0537776877715938
East Asia & Pacific (IDA & IBRD countries),TEA,CO2 emissions (metric tons per capita),EN.ATM.CO2E.PC,2.30216826275951,2.35936459250776,2.55625053689846,2.94210215699329,3.32586792353651,3.66807407535873,3.97555869926586,4.24117064801752,4.52284960191798,4.74979148692273,5.13658805605719,5.68848786862672,5.82125352176721,5.84531756868058,5.82786717938883
Europe & Central Asia (IDA & IBRD countries),TEC,CO2 emissions (metric tons per capita),EN.ATM.CO2E.PC,6.92304430503291,6.9379487387314,6.96825301142543,7.26147605592437,7.33383493395741,7.36644106973173,7.64899917097949,7.72734214846836,7.83330084078878,7.12577579272499,7.59235511198605,7.88957909505563,7.95164336029705,7.71604487747165,7.39596064039771
Togo,TGO,CO2 emissions (metric tons per capita),EN.ATM.CO2E.PC,0.273713590968232,0.227404401997742,0.234622216399516,0.271382707389044,0.252435136210435,0.235507985898254,0.209173434065482,0.234790329451919,0.273159481423922,0.439659633594462,0.406006379871787,0.368935463422566,0.362450983908114,0.377480424390468,0.362696891580548
Thailand,THA,CO2 emissions (metric tons per capita),EN.ATM.CO2E.PC,2.87923298923262,3.06248319847049,3.25131860196572,3.47881002219628,3.74122706649869,3.78243358435178,3.82910412656361,3.81365564773437,3.79353416355903,4.00112921488869,4.19478193989097,4.12138945978632,4.37176541487934,4.40380756280922,4.62186003163084
Tajikistan,TJK,CO2 emissions (metric tons per capita),EN.ATM.CO2E.PC,0.359844953633286,0.362230080802892,0.291758999504939,0.315578655340521,0.381840267034479,0.356311539125929,0.379766210031573,0.45219797312365,0.397314920609905,0.328286152789195,0.33303078008226,0.300737248925243,0.366926485373097,0.425539774773414,0.620466724741697
Turkmenistan,TKM,CO2 emissions (metric tons per capita),EN.ATM.CO2E.PC,8.31222101396084,8.34219842772256,8.66954786570591,9.57994033602814,9.89530632959405,10.1665707253187,10.2932958843934,11.5074300784557,11.5141625548396,10.0521323096277,11.2614853721392,12.073175209956,12.3148974370705,12.4361327229288,12.5172953406189
Latin America & the Caribbean (IDA & IBRD countries),TLA,CO2 emissions (metric tons per capita),EN.ATM.CO2E.PC,2.56522300490082,2.59107754280088,2.58568426773973,2.61611497937467,2.59982406070276,2.70323994412289,2.74769289326631,2.76245627586453,2.86206864570452,2.7654845471488,2.86498398864059,2.89457643785641,2.99221717191231,3.00556591197305,3.03280490623507
Middle East & North Africa (IDA & IBRD countries),TMN,CO2 emissions (metric tons per capita),EN.ATM.CO2E.PC,3.13484537995915,3.17156804689206,3.12938722717188,3.29301993404435,3.43221354393905,3.5799566187523,3.63602945567897,3.58885045608717,3.77065453414848,3.84401237267141,3.85652877378729,3.86025026970509,3.96615966949366,3.95379693856909,3.96754448845233
Tonga,TON,CO2 emissions (metric tons per capita),EN.ATM.CO2E.PC,0.972064191186966,0.892476498565069,1.03520729149863,1.17592119371875,1.09565165428361,1.12505814471353,1.26213258071178,1.11059331555243,1.17480704820154,1.2741979074167,1.12682331928133,0.981822006751007,1.01326333241227,1.07926667173021,1.14396589211775
South Asia (IDA & IBRD),TSA,CO2 emissions (metric tons per capita),EN.ATM.CO2E.PC,0.85178014477294,0.84786095765458,0.847135004883493,0.868247087510382,0.900901767493594,0.936217113923338,0.982909014925463,1.04387477609029,1.13488297563288,1.22959139110457,1.20751909871869,1.27087887376836,1.36231531335648,1.35522146997919,1.46146746314529
Sub-Saharan Africa (IDA & IBRD countries),TSS,CO2 emissions (metric tons per capita),EN.ATM.CO2E.PC,0.841760859724934,0.832492552639981,0.807573662412631,0.861943006182388,0.926243776297168,0.865613083275749,0.884318999126312,0.891707613853854,0.908547464677214,0.871235104205692,0.850715336857719,0.840118001157341,0.827960048718339,0.823009489562217,0.840453498292605
Trinidad and Tobago,TTO,CO2 emissions (metric tons per capita),EN.ATM.CO2E.PC,18.8008421241908,20.7129387447146,22.3979545121952,24.9111726004866,25.9055655212761,29.4166611408136,32.7489103276384,34.7329537295877,33.7435858449169,33.969786277124,36.0929327610873,35.1620879120879,33.8550001938002,34.5200319229103,34.1632426302683
Tunisia,TUN,CO2 emissions (metric tons per capita),EN.ATM.CO2E.PC,2.05406808419295,2.12734468384023,2.11484930648075,2.13755395295502,2.22598474425164,2.24321706289603,2.25498071033968,2.34126250826974,2.38539334177353,2.35595049304142,2.59965793011252,2.41798186065153,2.48044562395032,2.51190424527248,2.58705958448329
Turkey,TUR,CO2 emissions (metric tons per capita),EN.ATM.CO2E.PC,3.4179459428928,3.03081815818718,3.15744633341876,3.30666881659893,3.36410546196412,3.49600400015281,3.80456408463193,4.09007657928476,4.03151171197651,3.89470279202096,4.12021480689747,4.37056095839426,4.4194878877818,4.28530084308416,4.49147902571948
Tuvalu,TUV,CO2 emissions (metric tons per capita),EN.ATM.CO2E.PC,0.778556263269639,0.771026072329689,1.14177477944992,1.12634381079144,1.11188599151001,1.09713772813404,0.723488211502417,1.07400175729767,1.06392649903288,1.05363470931903,0.696420093058589,0.690063981934513,1.02573426573427,1.01682225714022,1.00852585258526
Tanzania,TZA,CO2 emissions (metric tons per capita),EN.ATM.CO2E.PC,0.077571471180239,0.0890722244960485,0.0994297925696608,0.102461401996798,0.114084492166062,0.139662290891943,0.148358698527189,0.140649176724916,0.141950648465603,0.132511807938661,0.154161891846109,0.170126456715073,0.194470622892078,0.220730007616033,0.221347372384527
Uganda,UGA,CO2 emissions (metric tons per capita),EN.ATM.CO2E.PC,0.059491397285958,0.0607849754486964,0.0605984948779938,0.0600496829649928,0.0630488432495772,0.0760534109867103,0.0858716464626072,0.0944606079661301,0.100754815516069,0.103166875153237,0.115583300233557,0.121524014830262,0.112110415912217,0.129674908955772,0.134656000985545
Ukraine,UKR,CO2 emissions (metric tons per capita),EN.ATM.CO2E.PC,6.52561877529799,6.60949131709243,6.61144067216431,7.37105121102128,7.2367678855929,7.08790191730628,6.97680495428825,6.90739681375895,6.72364983937983,5.64781047177944,6.6413496850931,6.26596231137638,6.4876028056754,5.97664184780697,5.02074706440171
Upper middle income,UMC,CO2 emissions (metric tons per capita),EN.ATM.CO2E.PC,3.53921523664561,3.58956973058128,3.73837079636522,4.10259194584644,4.42979969370827,4.73226324198605,5.04136495100357,5.24886185027464,5.5278118732361,5.59905763491732,5.98270552859711,6.4035808857418,6.55561387657223,6.60549036074116,6.58813517477518
Uruguay,URY,CO2 emissions (metric tons per capita),EN.ATM.CO2E.PC,1.59763853615135,1.52979814571415,1.38844206020062,1.38271795749205,1.68783031536995,1.7366803463543,1.99585265035606,1.79740854156056,2.46668222502883,2.39686388095475,1.89304338677963,2.29294186241591,2.55961960411296,2.22623587700135,1.97315082177576
United States,USA,CO2 emissions (metric tons per capita),EN.ATM.CO2E.PC,20.1787505069199,19.6365050677187,19.6134040768814,19.5641045293305,19.6583711815214,19.5918852294317,19.0940665201349,19.217897835532,18.4617638680802,17.1577377931966,17.4428617133922,16.9769572829045,16.310471097693,16.3234767932125,16.502837239406
Uzbekistan,UZB,CO2 emissions (metric tons per capita),EN.ATM.CO2E.PC,4.94226223509558,4.94516089879809,5.07872067141899,4.97277708354112,4.8798625521229,4.48078335307831,4.5412060441894,4.47374545928242,4.53801793222673,3.85817199305661,3.64704888244685,3.87480091617416,3.88973319451208,3.41744243334039,3.42072274584901
St. Vincent and the Grenadines,VCT,CO2 emissions (metric tons per capita),EN.ATM.CO2E.PC,1.35943205620123,1.66391636107716,1.72930112995395,1.82757729580065,2.0267320074798,2.02328404325756,2.0202558145941,2.08491751263217,2.08266385746347,2.85296513596881,2.01271554681425,1.81101325211952,2.31434765110493,1.91199231613611,1.91134540998747
Venezuela-RB,VEN,CO2 emissions (metric tons per capita),EN.ATM.CO2E.PC,6.22428968235495,6.91775140894378,7.60829581993569,7.42613441826578,5.76335432237921,6.1639292714825,6.2231860018632,5.80626723311256,6.36474017686422,6.28912833146356,6.51337691396451,6.00145923956696,6.64923346808024,6.06646131348109,6.02569758235129
British Virgin Islands,VGB,CO2 emissions (metric tons per capita),EN.ATM.CO2E.PC,4.97340760474691,5.04353806023239,5.2801802220261,5.5005,5.53116543187969,5.6980317679558,5.98255595063794,6.07929319477579,6.30167161381034,6.23946005217983,6.33077431677931,6.30859108992509,6.17405029990529,6.05781938325991,6.07283358118156
Vietnam,VNM,CO2 emissions (metric tons per capita),EN.ATM.CO2E.PC,0.66817173179905,0.753511856475972,0.863947416687995,0.95189589767503,1.08406259060619,1.16409601303626,1.20742858505374,1.22101564345574,1.36081249482962,1.46901267757483,1.61335958223951,1.70142228279496,1.57233798156171,1.60911159266528,1.80356574966869
Vanuatu,VUT,CO2 emissions (metric tons per capita),EN.ATM.CO2E.PC,0.45574209863668,0.464937397643827,0.434846047557178,0.423900806175992,0.287406376902465,0.280231169699575,0.222103674161596,0.450137074738694,0.423102866779089,0.524345169746734,0.512118326667936,0.545795072580012,0.459328848213023,0.420092280222168,0.594993239327796
World,WLD,CO2 emissions (metric tons per capita),EN.ATM.CO2E.PC,4.03339505137217,4.07633270502024,4.08391163102438,4.25319537137246,4.40937473644293,4.52309695225202,4.63077209363736,4.66574164363087,4.75637811873496,4.65624605252796,4.82825991549983,4.96771683741417,4.99638437352937,4.98793070184586,4.9701551571304
Samoa,WSM,CO2 emissions (metric tons per capita),EN.ATM.CO2E.PC,0.819042437431991,0.835469282207261,0.830662241904611,0.866893314270919,0.84095625374061,0.896731488531588,0.911211856825737,0.945486762559933,0.979060187657335,1.01185439278024,1.00436078515615,1.07470759065356,1.04663995686967,1.03806413395052,1.02978834052733
Yemen,YEM,CO2 emissions (metric tons per capita),EN.ATM.CO2E.PC,0.819163987138264,0.881349701891802,0.833251432316381,0.889142767121674,0.943264168358723,0.973808146917103,1.00735978591088,0.964139106056771,0.999238383332981,1.06905949524371,0.992601743761824,0.810900295008215,0.749446817858344,0.996884970403485,0.864834534752234
South Africa,ZAF,CO2 emissions (metric tons per capita),EN.ATM.CO2E.PC,8.28076479529149,8.02075608225641,7.58381406031063,8.48835057020516,9.33079576627919,8.5397561184538,9.07319976901658,9.35266474567886,9.85421895195103,9.87059693646667,9.19069871601177,9.00403338726771,8.84503303913285,8.67396282312054,8.98011929723466
Zambia,ZMB,CO2 emissions (metric tons per capita),EN.ATM.CO2E.PC,0.173056761414465,0.176165740879748,0.178396945651909,0.184923389841905,0.182853856535933,0.189858810324062,0.185075705098565,0.151567337792769,0.165936264405389,0.186396423356975,0.194337298690913,0.205910777583577,0.249456851413717,0.2611125299524,0.288271141095299
Zimbabwe,ZWE,CO2 emissions (metric tons per capita),EN.ATM.CO2E.PC,1.13920087224522,1.01859751992635,0.957193477873929,0.843469121206228,0.742439509541412,0.832299255519615,0.796027922930858,0.741657876284077,0.573101063254266,0.405715639126152,0.552146242342835,0.66475076996735,0.529703430657123,0.775563675088375,0.779955845162839
